 Sun May 17 17:34:29 +0000 2015, Kay_Hurricane, _ô_µã‰ãó _ô_µãó__ã†__ ______ __ã€_éãè_µã‰ #isaac #cathedral #square #spb #petersburg #vsco #russia #spring #urbanäó_ https://t.co/tSiVZVZUlb,59.93916667,30.31583333
 Sat Aug 15 16:16:49 +0000 2015, kate_hurricane, Just posted a photo @ Saint Isaac's Cathedral https://t.co/aycLHRz9vN,59.9341,30.3062
 Sat Aug 15 16:16:49 +0000 2015, kate_hurricane, Just posted a photo @ Saint Isaac's Cathedral https://t.co/aycLHRz9vN,59.9341,30.3062
 Sat Aug 15 16:16:49 +0000 2015, kate_hurricane, Just posted a photo @ Saint Isaac's Cathedral https://t.co/aycLHRz9vN,59.9341,30.3062
 Sat Aug 15 16:16:49 +0000 2015, kate_hurricane, Just posted a photo @ Saint Isaac's Cathedral https://t.co/aycLHRz9vN,59.9341,30.3062
 Sat Aug 15 16:16:49 +0000 2015, kate_hurricane, Just posted a photo @ Saint Isaac's Cathedral https://t.co/aycLHRz9vN,59.9341,30.3062
 Sat Aug 15 16:16:49 +0000 2015, kate_hurricane, Just posted a photo @ Saint Isaac's Cathedral https://t.co/aycLHRz9vN,59.9341,30.3062
 Sat Aug 15 16:16:49 +0000 2015, kate_hurricane, Just posted a photo @ Saint Isaac's Cathedral https://t.co/aycLHRz9vN,59.9341,30.3062
 Sat Aug 15 16:16:49 +0000 2015, kate_hurricane, Just posted a photo @ Saint Isaac's Cathedral https://t.co/aycLHRz9vN,59.9341,30.3062
 Sat Mar 05 22:06:24 +0000 2016, Iren_Hurricane, _ì____ _éã__±_Ÿ__ã†__ ãÅ___±__ãó. #_ŸãÅ_Á_Á___Ÿ_µ__ãÅ___Ÿ__ãÅ___±__ãó #ãÅ_Ë_± #____ãÅã‰_Á_éãë___Ÿãè @ Saint Isaac's Cathedral https://t.co/ZcT0ADUC9K,59.9341,30.3062
 Sat Mar 05 22:06:24 +0000 2016, Iren_Hurricane, _ì____ _éã__±_Ÿ__ã†__ ãÅ___±__ãó. #_ŸãÅ_Á_Á___Ÿ_µ__ãÅ___Ÿ__ãÅ___±__ãó #ãÅ_Ë_± #____ãÅã‰_Á_éãë___Ÿãè @ Saint Isaac's Cathedral https://t.co/ZcT0ADUC9K,59.9341,30.3062
 Sat Mar 05 22:06:24 +0000 2016, Iren_Hurricane, _ì____ _éã__±_Ÿ__ã†__ ãÅ___±__ãó. #_ŸãÅ_Á_Á___Ÿ_µ__ãÅ___Ÿ__ãÅ___±__ãó #ãÅ_Ë_± #____ãÅã‰_Á_éãë___Ÿãè @ Saint Isaac's Cathedral https://t.co/ZcT0ADUC9K,59.9341,30.3062
 Sat Mar 05 22:06:24 +0000 2016, Iren_Hurricane, _ì____ _éã__±_Ÿ__ã†__ ãÅ___±__ãó. #_ŸãÅ_Á_Á___Ÿ_µ__ãÅ___Ÿ__ãÅ___±__ãó #ãÅ_Ë_± #____ãÅã‰_Á_éãë___Ÿãè @ Saint Isaac's Cathedral https://t.co/ZcT0ADUC9K,59.9341,30.3062
 Sat Mar 05 22:06:24 +0000 2016, Iren_Hurricane, _ì____ _éã__±_Ÿ__ã†__ ãÅ___±__ãó. #_ŸãÅ_Á_Á___Ÿ_µ__ãÅ___Ÿ__ãÅ___±__ãó #ãÅ_Ë_± #____ãÅã‰_Á_éãë___Ÿãè @ Saint Isaac's Cathedral https://t.co/ZcT0ADUC9K,59.9341,30.3062
 Sat Mar 05 22:06:24 +0000 2016, Iren_Hurricane, _ì____ _éã__±_Ÿ__ã†__ ãÅ___±__ãó. #_ŸãÅ_Á_Á___Ÿ_µ__ãÅ___Ÿ__ãÅ___±__ãó #ãÅ_Ë_± #____ãÅã‰_Á_éãë___Ÿãè @ Saint Isaac's Cathedral https://t.co/ZcT0ADUC9K,59.9341,30.3062
 Sat Mar 05 22:06:24 +0000 2016, Iren_Hurricane, _ì____ _éã__±_Ÿ__ã†__ ãÅ___±__ãó. #_ŸãÅ_Á_Á___Ÿ_µ__ãÅ___Ÿ__ãÅ___±__ãó #ãÅ_Ë_± #____ãÅã‰_Á_éãë___Ÿãè @ Saint Isaac's Cathedral https://t.co/ZcT0ADUC9K,59.9341,30.3062
 Sat Mar 05 22:06:24 +0000 2016, Iren_Hurricane, _ì____ _éã__±_Ÿ__ã†__ ãÅ___±__ãó. #_ŸãÅ_Á_Á___Ÿ_µ__ãÅ___Ÿ__ãÅ___±__ãó #ãÅ_Ë_± #____ãÅã‰_Á_éãë___Ÿãè @ Saint Isaac's Cathedral https://t.co/ZcT0ADUC9K,59.9341,30.3062
 Sat Mar 05 22:06:24 +0000 2016, Iren_Hurricane, _ì____ _éã__±_Ÿ__ã†__ ãÅ___±__ãó. #_ŸãÅ_Á_Á___Ÿ_µ__ãÅ___Ÿ__ãÅ___±__ãó #ãÅ_Ë_± #____ãÅã‰_Á_éãë___Ÿãè @ Saint Isaac's Cathedral https://t.co/ZcT0ADUC9K,59.9341,30.3062
 Sat Mar 05 22:06:24 +0000 2016, Iren_Hurricane, _ì____ _éã__±_Ÿ__ã†__ ãÅ___±__ãó. #_ŸãÅ_Á_Á___Ÿ_µ__ãÅ___Ÿ__ãÅ___±__ãó #ãÅ_Ë_± #____ãÅã‰_Á_éãë___Ÿãè @ Saint Isaac's Cathedral https://t.co/ZcT0ADUC9K,59.9341,30.3062
 Wed Oct 29 15:10:56 +0000 2014, bhunsberger," Driver: During Hurricane Isaac Red Cross ordered nearly empty trucks driven around ""just to be seen."" http://t.co/Od4hJXmBFP",45.40641515,-122.6600597
 Wed Aug 28 12:20:43 +0000 2013, saab007, One year ago yesterday I evac'ed #NOLA at the last minute to #NYC during Hurricane Isaac. Best #hurrication EVER.,44.9727155,-93.27168473
 Thu Jan 31 17:40:03 +0000 2013, Oyameda, Dear JetBlue Customers my apologies to inform you of the disruption of flights due to hurricane Isaac from August 13-15 Stay Alert,44.45530768,-95.75934951
 Thu Jan 31 17:28:53 +0000 2013, Oyameda, Dear JetBlue customers I am sorry to inform you about the disruption and delays of flights due to hurricane Isaac from August 13-15,44.44992935,-95.75874519
 Tue Aug 13 22:52:56 +0000 2013, MerinaYoung, I experienced Hurricane Isaac last year when I went down to Alabama.. _ôÖ_,44.26865946,-88.33074582
 Wed Aug 12 13:33:02 +0000 2015, SammyMaggio17," @JimCantore ""I'm gonna ride this one out guys."" Hurricane Isaac New Orleans Louisiana 2012 http://t.co/Qw2wwlwZqv",43.216306,-77.550621
 Wed Aug 12 13:33:02 +0000 2015, SammyMaggio17," @JimCantore ""I'm gonna ride this one out guys."" Hurricane Isaac New Orleans Louisiana 2012 http://t.co/Qw2wwlwZqv",43.216306,-77.550621
 Wed Aug 12 13:33:02 +0000 2015, SammyMaggio17," @JimCantore ""I'm gonna ride this one out guys."" Hurricane Isaac New Orleans Louisiana 2012 http://t.co/Qw2wwlwZqv",43.216306,-77.550621
 Wed Aug 12 13:33:02 +0000 2015, SammyMaggio17," @JimCantore ""I'm gonna ride this one out guys."" Hurricane Isaac New Orleans Louisiana 2012 http://t.co/Qw2wwlwZqv",43.216306,-77.550621
 Wed Aug 12 13:33:02 +0000 2015, SammyMaggio17," @JimCantore ""I'm gonna ride this one out guys."" Hurricane Isaac New Orleans Louisiana 2012 http://t.co/Qw2wwlwZqv",43.216306,-77.550621
 Wed Aug 12 13:33:02 +0000 2015, SammyMaggio17," @JimCantore ""I'm gonna ride this one out guys."" Hurricane Isaac New Orleans Louisiana 2012 http://t.co/Qw2wwlwZqv",43.216306,-77.550621
 Wed Aug 12 13:33:02 +0000 2015, SammyMaggio17," @JimCantore ""I'm gonna ride this one out guys."" Hurricane Isaac New Orleans Louisiana 2012 http://t.co/Qw2wwlwZqv",43.216306,-77.550621
 Wed Aug 12 13:33:02 +0000 2015, SammyMaggio17," @JimCantore ""I'm gonna ride this one out guys."" Hurricane Isaac New Orleans Louisiana 2012 http://t.co/Qw2wwlwZqv",43.216306,-77.550621
 Wed Aug 12 13:33:02 +0000 2015, SammyMaggio17," @JimCantore ""I'm gonna ride this one out guys."" Hurricane Isaac New Orleans Louisiana 2012 http://t.co/Qw2wwlwZqv",43.216306,-77.550621
 Tue Jul 29 04:03:29 +0000 2014, PeteWoytowich, anyone elses iphone charger look like it barely survived hurricane isaac,43.05180456,-76.25425715
 Sat Apr 18 02:41:01 +0000 2015, gf_layne, @tiffanyclay / Isaac's Storm Helluva hurricane that just about wiped out Galveston in 1905. Turned left instead of right when it hit Miami.,42.6023387,-71.11963595
 Sat Apr 18 02:41:01 +0000 2015, gf_layne, @tiffanyclay / Isaac's Storm Helluva hurricane that just about wiped out Galveston in 1905. Turned left instead of right when it hit Miami.,42.6023387,-71.11963595
 Thu Dec 13 04:32:23 +0000 2012, TweeterEarly, Ima let you finish. But Hurricane Isaac was the best Hurricane of the year,42.37307271,-71.0589334
 Thu Apr 10 05:07:04 +0000 2014, Cyncere_Mommy, Really need to clean my room tonight. Hurricane Katrina Isaac Andrew Sandy &amp; Ida been thru this mf. _ôÖ‚_ôÖÁ,41.57874424,-87.54263917
 Wed Jul 31 22:18:23 +0000 2013, MSeeseTweets, @DevourerofBooks Well didn't THEY order up Hurricane Isaac just to delay the start of the Republican Convention?  #FairAndUnbalanced,41.43434627,-81.39148711
 Sun Sep 08 15:26:17 +0000 2013, HistoryBoyle," Galveston hurricane is an amazing story told best in @exlarson 's ""Isaac's Storm."" Can't recommend that book highly enough!",41.37429735,-83.62835716
 Fri Aug 16 15:45:06 +0000 2013, TiaraSueee32, Watching pitbulls &amp; parolees when hurricane Isaac hit &amp; im on the verge of crying.,41.1090244,-83.326157
 Mon May 12 02:29:24 +0000 2014, LenzyObenour," ""Look it's like a hurricane of hair around my nipple."" -Andrew Isaac Obenour",40.77136791,-83.82320519
 Fri Apr 11 05:38:57 +0000 2014, abby_lately, So I just watched #TheChallengeFreeAgents  and can someone tell me who the eff Isaac is? Also I'm too happy that Hurricane Nia is there.,40.75492999,-96.65098234
 Sat Feb 01 17:26:15 +0000 2014, swerky518, Happy Birthday #Beast roller coaster @KingsIslandPR @DonHelbig @aceonlineorg My first ride on it in Hurricane Isaac http://t.co/0M4YGalsaU,40.68617424,-75.49128234
 Wed Dec 26 21:33:37 +0000 2012, Rew_Glamour, Hurricane Isaac is living proof that men do damage too #justsayin,40.491383,-74.4416233
 Fri Jun 14 20:13:04 +0000 2013, _MISSiles, Now Hurricane Isaac is disrespecting my windows,39.98543003,-75.15789015
 Tue Sep 02 01:37:44 +0000 2014, dlw50840, @fox4wx I was driving home from Oklahoma in that mess. Hurricane Isaac.,39.38241853,-94.5528623
 Tue Apr 08 10:52:29 +0000 2014, isaac_shelton, @CaleyPringleKP better than a hurricane.,39.19399426,-83.97193333
 Wed Nov 26 04:44:08 +0000 2014, alex_amos4, @Trinidad_Isaac swear your dad was doing sprint work in my neighborhood during hurricane sandy.,39.16178281,-78.13874718
 Mon Sep 23 18:49:24 +0000 2013, NazzyMohammed, Todd Akin accused Bill Nye (the Science Guy) of personally causing hurricane Isaac lmao,38.90762037,-77.07432976
 Thu Jan 24 23:06:43 +0000 2013, eLobbyistUS, SB93 [NEW] A bill to provide tax relief with respect to the Hurricane Isaac disaster area. http://t.co/vm5XDX7h,38.889873,-77.008823
 Wed Feb 13 03:16:22 +0000 2013, eLobbyistUS, HB453 [NEW] To provide tax relief with respect to the Hurricane Isaac disaster area. http://t.co/Yo3XNR4O,38.889873,-77.008823
 Thu Jan 08 19:56:06 +0000 2015, LegiScanUS, SB76 [NEW] A bill to provide tax relief with respect to the Hurricane Isaac disaster area. http://t.co/3GdXirXdVT,38.889873,-77.008823
 Wed Apr 10 14:17:13 +0000 2013, patrickkimmis, @Trading_Trend first thunder in north Missouri since hurricane Isaac. Maybe the drought is over.,38.56112613,-91.01598837
 Sun Sep 29 14:13:22 +0000 2013, 3sK1M0_MAN, äóì@icallmypenis: I call my penis Hurricane Isaac cause it leaves bitches soaking wet.äóù@Destiny_Dubstep  :p,38.41529797,-82.41673812
 Tue Nov 19 13:56:32 +0000 2013, umphfan, good morning @madflavor   im thankful today for your podcast. I found it during  hurricane Isaac. An a year later I've lost 60lbs. Cheers,37.02103826,-88.54122296
 Mon Sep 02 01:02:27 +0000 2013, B_bruss, Anyone remember last years opening weekend? Hurricane Isaac I believe it was.,36.97621683,-86.44905182
 Fri Jul 04 03:41:34 +0000 2014, schmuellll, äóì@jb_weather: #HurricaneArthur is the first hurricane to make landfall in the US since Isaac back in August of 2012.äóù,36.00480123,-75.6512201
 Thu Jun 13 22:11:14 +0000 2013, ThuggyLove, I ain't live through hurricane sandy and Isaac to be waiting on this to die down,35.833727,-78.632476
 Thu Jun 05 06:39:19 +0000 2014, mglynnk, man I haven't seen rain thunder and wind like this since hurricane isaac,35.79013846,-86.88777049
 Sat Jul 12 02:53:07 +0000 2014, drcraigwronski4, @JebBush brown tab control mod expecting hurricane Isaac yeah,34.8661803,-82.3507067
 Wed Jul 02 20:56:45 +0000 2014, aaron_hollaway, First Hurricane warnings since Hurricane Isaac in 2012 #Arthur,34.39916683,-86.50908862
 Mon Dec 02 06:37:50 +0000 2013, MonieTheShorty_, @Hurricane_02 lmfao shut up Isaac *leaves,33.9912658,-117.4845902
 Thu Jun 12 14:20:27 +0000 2014, pureaustinness, @ItssCon I hated that. We couldn't do shit for a week cause of hurricane Isaac _ôÖÍ,33.96913254,-80.48803304
 Wed Aug 27 04:37:47 +0000 2014, andretyresee, Hurricane Isaac,33.62305817,-112.1928437
 Fri Jul 15 21:48:37 +0000 2016, byClintEasley, Afternoon pool sesh with my nephew Isaac and the Hurricane Hunter - gotta get our tan on for theäó_ https://t.co/Ni6kEm3WWq,33.5709,-92.8349
 Fri Jul 15 21:48:37 +0000 2016, byClintEasley, Afternoon pool sesh with my nephew Isaac and the Hurricane Hunter - gotta get our tan on for theäó_ https://t.co/Ni6kEm3WWq,33.5709,-92.8349
 Fri Jul 15 21:48:37 +0000 2016, byClintEasley, Afternoon pool sesh with my nephew Isaac and the Hurricane Hunter - gotta get our tan on for theäó_ https://t.co/Ni6kEm3WWq,33.5709,-92.8349
 Fri Jul 15 21:48:37 +0000 2016, byClintEasley, Afternoon pool sesh with my nephew Isaac and the Hurricane Hunter - gotta get our tan on for theäó_ https://t.co/Ni6kEm3WWq,33.5709,-92.8349
 Fri Jul 15 21:48:37 +0000 2016, byClintEasley, Afternoon pool sesh with my nephew Isaac and the Hurricane Hunter - gotta get our tan on for theäó_ https://t.co/Ni6kEm3WWq,33.5709,-92.8349
 Fri Jul 15 21:48:37 +0000 2016, byClintEasley, Afternoon pool sesh with my nephew Isaac and the Hurricane Hunter - gotta get our tan on for theäó_ https://t.co/Ni6kEm3WWq,33.5709,-92.8349
 Fri Jul 15 21:48:37 +0000 2016, byClintEasley, Afternoon pool sesh with my nephew Isaac and the Hurricane Hunter - gotta get our tan on for theäó_ https://t.co/Ni6kEm3WWq,33.5709,-92.8349
 Fri Jul 15 21:48:37 +0000 2016, byClintEasley, Afternoon pool sesh with my nephew Isaac and the Hurricane Hunter - gotta get our tan on for theäó_ https://t.co/Ni6kEm3WWq,33.5709,-92.8349
 Fri Jul 15 21:48:37 +0000 2016, byClintEasley, Afternoon pool sesh with my nephew Isaac and the Hurricane Hunter - gotta get our tan on for theäó_ https://t.co/Ni6kEm3WWq,33.5709,-92.8349
 Fri Jul 15 21:48:37 +0000 2016, byClintEasley, Afternoon pool sesh with my nephew Isaac and the Hurricane Hunter - gotta get our tan on for theäó_ https://t.co/Ni6kEm3WWq,33.5709,-92.8349
 Sun Jan 04 00:27:56 +0000 2015, TyCopier, Beacon's beach. jcope7 hurricane_isaac_c @ Beacons Beach http://t.co/oFxrKT0lN0,33.06551174,-117.3048771
 Sun Dec 08 02:30:27 +0000 2013, TDotWilliams, #iGotTheTypaLuck finally make a trip to Miami for spring break and Hurricane Katrina Isaac Laquisha Zalaythia and Rohondra have a reuinion,33.05311688,-96.68940652
 Wed Aug 27 06:16:20 +0000 2014, helloim_ANDREA, @SirIsaac22 1st: why is your twitter private2nd: Hurricane Isaac better acknowledge my presence,32.8541329,-86.6324052
 Thu Oct 01 22:52:40 +0000 2015, The_Luke_Wilson, If you are going to get stuck downtown in a crazy hurricane where better than the beautiful Isaacäó_ https://t.co/6kU6UnYqaD,32.780852,-79.942136
 Thu Oct 01 22:52:40 +0000 2015, The_Luke_Wilson, If you are going to get stuck downtown in a crazy hurricane where better than the beautiful Isaacäó_ https://t.co/6kU6UnYqaD,32.780852,-79.942136
 Thu Oct 01 22:52:40 +0000 2015, The_Luke_Wilson, If you are going to get stuck downtown in a crazy hurricane where better than the beautiful Isaacäó_ https://t.co/6kU6UnYqaD,32.780852,-79.942136
 Thu Oct 01 22:52:40 +0000 2015, The_Luke_Wilson, If you are going to get stuck downtown in a crazy hurricane where better than the beautiful Isaacäó_ https://t.co/6kU6UnYqaD,32.780852,-79.942136
 Thu Oct 01 22:52:40 +0000 2015, The_Luke_Wilson, If you are going to get stuck downtown in a crazy hurricane where better than the beautiful Isaacäó_ https://t.co/6kU6UnYqaD,32.780852,-79.942136
 Thu Oct 01 22:52:40 +0000 2015, The_Luke_Wilson, If you are going to get stuck downtown in a crazy hurricane where better than the beautiful Isaacäó_ https://t.co/6kU6UnYqaD,32.780852,-79.942136
 Thu Oct 01 22:52:40 +0000 2015, The_Luke_Wilson, If you are going to get stuck downtown in a crazy hurricane where better than the beautiful Isaacäó_ https://t.co/6kU6UnYqaD,32.780852,-79.942136
 Thu Oct 01 22:52:40 +0000 2015, The_Luke_Wilson, If you are going to get stuck downtown in a crazy hurricane where better than the beautiful Isaacäó_ https://t.co/6kU6UnYqaD,32.780852,-79.942136
 Thu Oct 01 22:52:40 +0000 2015, The_Luke_Wilson, If you are going to get stuck downtown in a crazy hurricane where better than the beautiful Isaacäó_ https://t.co/6kU6UnYqaD,32.780852,-79.942136
 Thu Oct 01 22:52:40 +0000 2015, The_Luke_Wilson, If you are going to get stuck downtown in a crazy hurricane where better than the beautiful Isaacäó_ https://t.co/6kU6UnYqaD,32.780852,-79.942136
 Fri Jan 02 22:10:11 +0000 2015, TyCopier," ""America's finest city"". jcope7 hurricane_isaac_c jayrod_cas @tayrawl @ San Diego CA. USA http://t.co/H6o57ktm9E",32.73200617,-117.1971614
 Wed Jun 26 15:06:18 +0000 2013, Clue117, Me and all the kids going to Hurricane Harbor   Isaac says. Lets everyone play the quite game. Lol,32.65818546,-96.88462601
 Thu May 26 17:56:05 +0000 2016, koticmynds45, Throwback shit When hurricane Isaac knocked New Orleans lights out for weeks #tbt _ôëó_ôëó_ôëó @ Radioäó_ https://t.co/BVMvmcnicR,32.53696584,-93.76199208
 Thu May 26 17:56:05 +0000 2016, koticmynds45, Throwback shit When hurricane Isaac knocked New Orleans lights out for weeks #tbt _ôëó_ôëó_ôëó @ Radioäó_ https://t.co/BVMvmcnicR,32.53696584,-93.76199208
 Thu May 26 17:56:05 +0000 2016, koticmynds45, Throwback shit When hurricane Isaac knocked New Orleans lights out for weeks #tbt _ôëó_ôëó_ôëó @ Radioäó_ https://t.co/BVMvmcnicR,32.53696584,-93.76199208
 Thu May 26 17:56:05 +0000 2016, koticmynds45, Throwback shit When hurricane Isaac knocked New Orleans lights out for weeks #tbt _ôëó_ôëó_ôëó @ Radioäó_ https://t.co/BVMvmcnicR,32.53696584,-93.76199208
 Thu May 26 17:56:05 +0000 2016, koticmynds45, Throwback shit When hurricane Isaac knocked New Orleans lights out for weeks #tbt _ôëó_ôëó_ôëó @ Radioäó_ https://t.co/BVMvmcnicR,32.53696584,-93.76199208
 Thu May 26 17:56:05 +0000 2016, koticmynds45, Throwback shit When hurricane Isaac knocked New Orleans lights out for weeks #tbt _ôëó_ôëó_ôëó @ Radioäó_ https://t.co/BVMvmcnicR,32.53696584,-93.76199208
 Thu May 26 17:56:05 +0000 2016, koticmynds45, Throwback shit When hurricane Isaac knocked New Orleans lights out for weeks #tbt _ôëó_ôëó_ôëó @ Radioäó_ https://t.co/BVMvmcnicR,32.53696584,-93.76199208
 Thu May 26 17:56:05 +0000 2016, koticmynds45, Throwback shit When hurricane Isaac knocked New Orleans lights out for weeks #tbt _ôëó_ôëó_ôëó @ Radioäó_ https://t.co/BVMvmcnicR,32.53696584,-93.76199208
 Thu May 26 17:56:05 +0000 2016, koticmynds45, Throwback shit When hurricane Isaac knocked New Orleans lights out for weeks #tbt _ôëó_ôëó_ôëó @ Radioäó_ https://t.co/BVMvmcnicR,32.53696584,-93.76199208
 Thu May 26 17:56:05 +0000 2016, koticmynds45, Throwback shit When hurricane Isaac knocked New Orleans lights out for weeks #tbt _ôëó_ôëó_ôëó @ Radioäó_ https://t.co/BVMvmcnicR,32.53696584,-93.76199208
 Wed Jan 30 02:43:33 +0000 2013, skylonsmith13, @HilliardCaitlyn obvi. we played in hurricane Isaac. #truetweet,32.42858548,-92.19892494
 Fri Jan 25 01:12:07 +0000 2013, magicmothra2012, ...eyes in the center                         ... ä»‚  http://t.co/EVapl9uu (@ Hurricane Isaac),32.355816,-90.141894
 Sun Nov 09 04:43:23 +0000 2014, NegronDoc, äóì@MaryLandrieu: Cassidy voted against POTUS 4x: #VAWA Hurricane Isaac recovery raising debt ceiling &amp; govt shutdown #WhereWasBill #LASenäóù,32.3469716,-93.71708062
 Sat Oct 05 23:30:13 +0000 2013, Ashley410berry, So is this hurricane going to be like Isaac?,31.57929495,-93.02289801
 Mon Aug 19 04:02:49 +0000 2013, hannah_boothe, Can we have another Hurricane Isaac _ôÖè,30.78408854,-87.77899029
 Tue Nov 06 05:21:37 +0000 2012, _SpecialKLH, This Hurricane Isaac weather &lt;&lt;&lt;,30.62848593,-87.90529559
 Thu Feb 13 00:56:12 +0000 2014, radiojs, First time I've seen a sign like this since Hurricane Isaac. #oops!  #NoGas4U http://t.co/EY67mtKPdb,30.5525684,-91.1706935
 Thu Jul 18 09:20:43 +0000 2013, csvoelkel, #tbt to the lovely hurricane Isaac. Before the storm to after the storm with no electricityäó_ http://t.co/6JODR8606f,30.50429344,-90.08783722
 Wed May 01 00:42:42 +0000 2013, mwhiteside3, @B_Whiteside88 @laurenbertucci Correction I made one during Hurricane Isaac. #truestory #exquisite #dontjudgeme,30.5002817,-88.91618731
 Sun Aug 25 12:27:38 +0000 2013, BinAyed70, dark cloud formation outside my hotel roomthis is Gulfport where #Hurricane #Isaac hit in 2012 missed it by 1 day http://t.co/kvoDnpB7rL,30.4268537,-89.09375174
 Sun Sep 29 20:48:35 +0000 2013, naanasefa, Hurricane Isaac can come see  me any day #bestquoteevrr,30.42457412,-91.11918733
 Wed Jan 09 17:33:42 +0000 2013, B_Benzine12, This flooding is like Hurricane Isaac all over again. #TrueStory,30.4117232,-91.1858357
 Sun Oct 13 01:27:10 +0000 2013, dm7chauvin, Shout out to Hurricane Isaac Junior for messing up everyone's plans.,30.40409883,-91.22711905
 Fri Jan 11 02:16:54 +0000 2013, SarahMorain, Pretty sure the weather has been worse the past couple of days than it was during Hurricane Isaac #WheresTheSun,30.39327715,-91.15566529
 Sun May 22 22:33:00 +0000 2016, casperhasjesus, I'm at Hurricane Isaac MISSISSIPPI in Biloxi MS https://t.co/xZMV2T2Wq9,30.39277077,-88.88382721
 Sun May 22 22:33:00 +0000 2016, casperhasjesus, I'm at Hurricane Isaac MISSISSIPPI in Biloxi MS https://t.co/xZMV2T2Wq9,30.39277077,-88.88382721
 Sun May 22 22:33:00 +0000 2016, casperhasjesus, I'm at Hurricane Isaac MISSISSIPPI in Biloxi MS https://t.co/xZMV2T2Wq9,30.39277077,-88.88382721
 Sun May 22 22:33:00 +0000 2016, casperhasjesus, I'm at Hurricane Isaac MISSISSIPPI in Biloxi MS https://t.co/xZMV2T2Wq9,30.39277077,-88.88382721
 Sun May 22 22:33:00 +0000 2016, casperhasjesus, I'm at Hurricane Isaac MISSISSIPPI in Biloxi MS https://t.co/xZMV2T2Wq9,30.39277077,-88.88382721
 Sun May 22 22:33:00 +0000 2016, casperhasjesus, I'm at Hurricane Isaac MISSISSIPPI in Biloxi MS https://t.co/xZMV2T2Wq9,30.39277077,-88.88382721
 Sun May 22 22:33:00 +0000 2016, casperhasjesus, I'm at Hurricane Isaac MISSISSIPPI in Biloxi MS https://t.co/xZMV2T2Wq9,30.39277077,-88.88382721
 Sun May 22 22:33:00 +0000 2016, casperhasjesus, I'm at Hurricane Isaac MISSISSIPPI in Biloxi MS https://t.co/xZMV2T2Wq9,30.39277077,-88.88382721
 Sun May 22 22:33:00 +0000 2016, casperhasjesus, I'm at Hurricane Isaac MISSISSIPPI in Biloxi MS https://t.co/xZMV2T2Wq9,30.39277077,-88.88382721
 Sun May 22 22:33:00 +0000 2016, casperhasjesus, I'm at Hurricane Isaac MISSISSIPPI in Biloxi MS https://t.co/xZMV2T2Wq9,30.39277077,-88.88382721
 Thu Nov 28 22:08:26 +0000 2013, Bxtch_ImGLOVER, Shit we had a great ass night just sittin in my dads garage for hurricane Isaac,30.23499752,-89.79453315
 Sun Mar 09 22:43:02 +0000 2014, ChrisVignes, World War I schooner ship unearthed on private beach by Hurricane Isaac originally over 150 ft longäó_ http://t.co/nyqjBenuCK,30.23148446,-87.90710449
 Fri Sep 19 04:26:58 +0000 2014, smallstr3am, @MommaMarge or be hurricane Chris??? Or Isaac bustos,30.22889643,-97.76386162
 Mon Sep 22 23:45:25 +0000 2014, ebro75, @ejhamm4evr @shel_mink @TeriPolo1 go on my Facebook I have a video like that lady year when hurricane Isaac came through lmao,30.19672005,-92.11077025
 Thu Aug 29 20:16:56 +0000 2013, Checkerzw, Excited to hear Pastor Fred Luter (SBC Pres) bring a message of hope tonight at our Hurricane Isaac Anniversary service. See U @7 at NWCF,30.0919517,-90.4670681
 Thu Aug 29 17:03:53 +0000 2013, Checkerzw, Getting ready to pray for our parish as we commemorate the 1 year anniversary of Hurricane Isaac @ Stäó_ http://t.co/ifOqTzRO8i,30.07382231,-90.47681854
 Wed Feb 24 15:07:57 +0000 2016, nolagina6, Some of the same areas affected by hurricane Isaac damaged by tornados @wdsu,30.07283142,-90.49981271
 Wed Feb 24 15:07:57 +0000 2016, nolagina6, Some of the same areas affected by hurricane Isaac damaged by tornados @wdsu,30.07283142,-90.49981271
 Wed Feb 24 15:07:57 +0000 2016, nolagina6, Some of the same areas affected by hurricane Isaac damaged by tornados @wdsu,30.07283142,-90.49981271
 Wed Feb 24 15:07:57 +0000 2016, nolagina6, Some of the same areas affected by hurricane Isaac damaged by tornados @wdsu,30.07283142,-90.49981271
 Wed Feb 24 15:07:57 +0000 2016, nolagina6, Some of the same areas affected by hurricane Isaac damaged by tornados @wdsu,30.07283142,-90.49981271
 Wed Feb 24 15:07:57 +0000 2016, nolagina6, Some of the same areas affected by hurricane Isaac damaged by tornados @wdsu,30.07283142,-90.49981271
 Wed Feb 24 15:07:57 +0000 2016, nolagina6, Some of the same areas affected by hurricane Isaac damaged by tornados @wdsu,30.07283142,-90.49981271
 Wed Feb 24 15:07:57 +0000 2016, nolagina6, Some of the same areas affected by hurricane Isaac damaged by tornados @wdsu,30.07283142,-90.49981271
 Wed Feb 24 15:07:57 +0000 2016, nolagina6, Some of the same areas affected by hurricane Isaac damaged by tornados @wdsu,30.07283142,-90.49981271
 Wed Feb 24 15:07:57 +0000 2016, nolagina6, Some of the same areas affected by hurricane Isaac damaged by tornados @wdsu,30.07283142,-90.49981271
 Wed Feb 24 15:22:36 +0000 2016, nolagina6, Parish president: In some ways this is worse than hurricane Isaac @wdsu,30.07274824,-90.49979097
 Wed Feb 24 15:22:36 +0000 2016, nolagina6, Parish president: In some ways this is worse than hurricane Isaac @wdsu,30.07274824,-90.49979097
 Wed Feb 24 15:22:36 +0000 2016, nolagina6, Parish president: In some ways this is worse than hurricane Isaac @wdsu,30.07274824,-90.49979097
 Wed Feb 24 15:22:36 +0000 2016, nolagina6, Parish president: In some ways this is worse than hurricane Isaac @wdsu,30.07274824,-90.49979097
 Wed Feb 24 15:22:36 +0000 2016, nolagina6, Parish president: In some ways this is worse than hurricane Isaac @wdsu,30.07274824,-90.49979097
 Wed Feb 24 15:22:36 +0000 2016, nolagina6, Parish president: In some ways this is worse than hurricane Isaac @wdsu,30.07274824,-90.49979097
 Wed Feb 24 15:22:36 +0000 2016, nolagina6, Parish president: In some ways this is worse than hurricane Isaac @wdsu,30.07274824,-90.49979097
 Wed Feb 24 15:22:36 +0000 2016, nolagina6, Parish president: In some ways this is worse than hurricane Isaac @wdsu,30.07274824,-90.49979097
 Wed Feb 24 15:22:36 +0000 2016, nolagina6, Parish president: In some ways this is worse than hurricane Isaac @wdsu,30.07274824,-90.49979097
 Wed Feb 24 15:22:36 +0000 2016, nolagina6, Parish president: In some ways this is worse than hurricane Isaac @wdsu,30.07274824,-90.49979097
 Fri Jun 27 01:12:09 +0000 2014, IonNeedYa, Direct tv worked the whole time during hurricane Isaac you mean to tell me it's cutting up over a lil thunder storm? _ôÖï_ôÖï_ôÖï_ôÖï,30.06294857,-90.54529779
 Mon Apr 27 17:11:40 +0000 2015, _Khamonnee2121_, They would release this shit when Hurricane Isaac Part 2 is happening... _ôÖ‰ https://t.co/T6CVTEmBvG,30.02821703,-90.06505902
 Fri Jul 18 04:05:39 +0000 2014, IamSidneyJr, #Tbt this was right after Hurricane Isaac.  Why I feel down bad for this pic tho. http://t.co/nu6UhVCIOS,30.01584115,-90.06912699
 Tue Dec 04 21:51:26 +0000 2012, AgentX_007, I think Hurricane Isaac came back for revenge,30.00712095,-90.0638159
 Wed Nov 28 03:07:36 +0000 2012, QueenBuche, First time back in the gym since hurricane Isaac lol LORDDDD I do not miss it either,30.00522739,-90.19719861
 Thu Oct 23 17:24:07 +0000 2014, NAtALiE_MF, Found the same exact antique table my Grammy had in her house before hurricane Isaac! I may have to surprise her for Christmas!,30.0038108,-90.1075173
 Tue Jul 30 00:33:43 +0000 2013, _Omarr, Why it feel like hurricane Isaac was like 3 years ago?,30.00202684,-90.0670511
 Sun Sep 22 05:06:46 +0000 2013, __diddy7," in ya stripper attire. ""@Kyreeee_: äóì__diddy7: Kyreal been having that twitcon since Hurricane Isaac.äóùbxtch lies wht picture looking at""",30.00082172,-90.07180894
 Sun Sep 22 05:05:26 +0000 2013, __diddy7, Kyreal been having that twitcon since Hurricane Isaac.,30.00082172,-90.07180894
 Mon Apr 13 19:37:01 +0000 2015, _Khamonnee2121_, This morning it was Hurricane Isaac part 2 now it's all sunny and shit. _ôÖÍ,29.98351693,-90.25903233
 Mon Apr 13 19:37:01 +0000 2015, _Khamonnee2121_, This morning it was Hurricane Isaac part 2 now it's all sunny and shit. _ôÖÍ,29.98351693,-90.25903233
 Thu Oct 03 21:56:44 +0000 2013, _Khamonnee2121_, I swore it was just sunny. I blinked and it's Hurricane Isaac part 2.,29.9793514,-90.1148157
 Thu Nov 15 15:31:20 +0000 2012, RealSupaaSayo, #TBT I miss that hat... Fuck u hurricane Isaac!!!_ôÖç_ôÖç_ôÖç_ôÖ_ @ Lower 9th Ward http://t.co/wQXC4w78,29.96769705,-90.01983318
 Wed Apr 24 17:08:19 +0000 2013, _Khamonnee2121_, Hurricane Isaac brings back painful memories.,29.96464453,-90.1078813
 Fri Oct 03 00:47:54 +0000 2014, CarolNChalmette, GONE GIRL. hubs and i evac'd Hurricane Isaac while listening to this audio book. modern day Fatal Attraction.... https://t.co/rND4a3cTAp,29.9621849,-90.19090891
 Fri Oct 03 00:47:54 +0000 2014, CarolNChalmette, GONE GIRL. hubs and i evac'd Hurricane Isaac while listening to this audio book. modern day Fatal Attraction.... https://t.co/rND4a3cTAp,29.9621849,-90.19090891
 Fri Oct 04 03:05:52 +0000 2013, _Khamonnee2121_, Scandal goes off and I gotta hear about Hurricane Isaac's sister Karen and shit...,29.960844,-90.1031161
 Mon Jul 22 03:40:13 +0000 2013, breroseee, I remember for hurricane Isaac I was by Shane &amp; when the lights came on we really got up and danced.,29.957572,-90.024167
 Tue Feb 18 05:33:40 +0000 2014, iwasborngood, those motherfuckers don't even close for christmas. i haven't had a moment's peace since hurricane isaac.,29.95679639,-90.06473199
 Wed Feb 26 13:24:51 +0000 2014, PookieStayFly, They gave them coons 20 years for looting doing Hurricane Isaac,29.95318769,-90.08114917
 Sat Aug 10 02:39:40 +0000 2013, KKofNOLA, First night away from Louis and dave since hurricane Isaac. Drinks with some friends and now listening to vinyl at top volume.,29.95165357,-90.04922331
 Sun Feb 16 21:54:22 +0000 2014, _Khamonnee2121_, @knikkiwhite Right. Cause this hot ass Hurricane Isaac water ain't cutting it.,29.95106902,-90.08114254
 Sat Sep 10 21:28:58 +0000 2016, BlaineLNOLA, @BlaineLNOLA official entry into Daiquiri Season '16. Straight from the eye of Hurricane Isaac:äó_ https://t.co/u3pZuyCLek,29.9499,-90.1275
 Sat Sep 10 21:28:58 +0000 2016, BlaineLNOLA, @BlaineLNOLA official entry into Daiquiri Season '16. Straight from the eye of Hurricane Isaac:äó_ https://t.co/u3pZuyCLek,29.9499,-90.1275
 Sat Sep 10 21:28:58 +0000 2016, BlaineLNOLA, @BlaineLNOLA official entry into Daiquiri Season '16. Straight from the eye of Hurricane Isaac:äó_ https://t.co/u3pZuyCLek,29.9499,-90.1275
 Sat Sep 10 21:28:58 +0000 2016, BlaineLNOLA, @BlaineLNOLA official entry into Daiquiri Season '16. Straight from the eye of Hurricane Isaac:äó_ https://t.co/u3pZuyCLek,29.9499,-90.1275
 Sat Sep 10 21:28:58 +0000 2016, BlaineLNOLA, @BlaineLNOLA official entry into Daiquiri Season '16. Straight from the eye of Hurricane Isaac:äó_ https://t.co/u3pZuyCLek,29.9499,-90.1275
 Sat Sep 10 21:28:58 +0000 2016, BlaineLNOLA, @BlaineLNOLA official entry into Daiquiri Season '16. Straight from the eye of Hurricane Isaac:äó_ https://t.co/u3pZuyCLek,29.9499,-90.1275
 Sat Sep 10 21:28:58 +0000 2016, BlaineLNOLA, @BlaineLNOLA official entry into Daiquiri Season '16. Straight from the eye of Hurricane Isaac:äó_ https://t.co/u3pZuyCLek,29.9499,-90.1275
 Sat Sep 10 21:28:58 +0000 2016, BlaineLNOLA, @BlaineLNOLA official entry into Daiquiri Season '16. Straight from the eye of Hurricane Isaac:äó_ https://t.co/u3pZuyCLek,29.9499,-90.1275
 Sat Sep 10 21:28:58 +0000 2016, BlaineLNOLA, @BlaineLNOLA official entry into Daiquiri Season '16. Straight from the eye of Hurricane Isaac:äó_ https://t.co/u3pZuyCLek,29.9499,-90.1275
 Sat Sep 10 21:28:58 +0000 2016, BlaineLNOLA, @BlaineLNOLA official entry into Daiquiri Season '16. Straight from the eye of Hurricane Isaac:äó_ https://t.co/u3pZuyCLek,29.9499,-90.1275
 Fri Apr 05 18:55:39 +0000 2013, DatCarmelaa, Volunteered to work at church tomorrow for the reconstruction since our church got ruined by hurricane Isaac,29.9433034,-89.95366457
 Sat Mar 29 06:38:01 +0000 2014, mglynnk, potentially the most intense thunder storm I've ever seen is going on outside like this competes with hurricane isaac,29.93689835,-90.12023003
 Mon Aug 04 19:24:26 +0000 2014, ayyneekk, &amp;There Pudding G0 AlwaysGoing Sumwhere N0Matter DaWeather This NiggaWas Ridin Around During Hurricane IsaacCall Tht HARDHEAD DAREDEVIL!,29.9322348,-91.0292127
 Mon Apr 15 18:03:58 +0000 2013, PSYCHICTWINK, @mollysoda I used my hurricane Isaac food stamps on white truffle oil &amp; truffle sea salt from whole foods.,29.92590186,-90.09854429
 Tue Apr 09 21:46:59 +0000 2013, pamvandyke, @drewbrees April 20th and 21st 12:00-4:00 the Landing at Behrman place senior community devastated by hurricane isaac grand reopening,29.91914987,-90.01808045
 Wed Nov 28 15:48:36 +0000 2012, ImPreciousT_H, So my mama have thus black man working on our house...a few things from hurricane Isaac..,29.8905942,-90.987306
 Sun Mar 10 06:17:28 +0000 2013, ShellyBallay_, Durin hurricane Isaac my aunt fell down our stairs a hundred times Kmsl !,29.88334781,-90.03706779
 Thu Aug 29 22:23:59 +0000 2013, bridgetterenae_, And a year since Hurricane Isaac,29.86883048,-89.89156223
 Mon Oct 13 23:45:00 +0000 2014, ChasseCranston, Sitting outside watching this weather giving me flashbacks of hurricane Isaac _ôÖƒ_ôÖƒ,29.86154435,-90.00529822
 Mon Jan 28 21:39:13 +0000 2013, lacieriego_, Can I interview someone about Hurricane Isaac if you who were affected or was here when it happened? Pleaseeee,29.85971595,-89.98458816
 Sat Aug 24 16:04:21 +0000 2013, TeamYoni, I remember me &amp; Jalen used to be close! Like booku tight. Especially for Hurricane Isaac lol,29.79169301,-90.80407185
 Tue Sep 24 16:16:30 +0000 2013, MichaelMWalter, Same type of impacts from Murphy Spill were seen from hurricane Isaac in 2012. These were chemicals as opposed to petroleum products #sspeed,29.71133115,-95.40198155
 Fri Aug 16 18:13:47 +0000 2013, beautifulashb, This woman said for hurricane Isaac y'all gave my friend some free texts... I want that!... -__-,29.61606572,-90.75748488
 Wed Dec 19 06:46:02 +0000 2012, KillKobeBryant, This feel like hurricane isaac all over again,29.61110451,-90.78239935
 Tue Jan 28 16:44:33 +0000 2014, JC_HARP, For the first time since Hurricane Isaac Mr. Ronnie's is closing due to winter storm. More coming @HoumaToday http://t.co/azP7UAz4Pe,29.59441648,-90.7407812
 Wed Aug 28 15:14:30 +0000 2013, NewsCarolyn, Another picture from Hurricane #Isaac. This is LA 1 south of the levee. @ Golden Meadow Oak Ridgeäó_ http://t.co/dxi68A8d78,29.39415527,-90.27806013
 Mon Sep 08 11:57:15 +0000 2014, BKK_Buj," Today is the 114th anniversary of ""Isaac's Storm"" the landfall in Galveston of the 1900 Hurricane..http://t.co/oWtSFi7YyT",29.2995357,-94.7791615
 Mon Mar 17 04:05:17 +0000 2014, Isaac_A_Meyers, Jupiter's spot is actually a hurricane thats been raging for centuries it's 3 times bigger than earth.,28.55691319,-81.159594